{"cameraMode":{"drawMode":0,"name":"Shaded","section":"Shading Mode"},"sceneLighting":true,"audioPlay":false,"sceneViewState":{"m_AlwaysRefresh":false,"showFog":true,"showSkybox":true,"showFlares":true,"showImageEffects":true,"showParticleSystems":true,"showVisualEffectGraphs":true,"m_FxEnabled":true},"in2DMode":false,"pivot":{"x":-2.1700973510742189,"y":5.319194793701172,"z":2.2449092864990236},"rotation":{"x":0.02296086959540844,"y":0.10901062190532685,"z":-0.0025393583346158268,"w":0.9937974214553833},"size":0.719233512878418,"orthographic":false}