{"cameraMode":{"drawMode":0,"name":"Shaded","section":"Shading Mode"},"sceneLighting":false,"audioPlay":false,"sceneViewState":{"m_AlwaysRefresh":false,"showFog":false,"showSkybox":false,"showFlares":false,"showImageEffects":false,"showParticleSystems":false,"showVisualEffectGraphs":true,"m_FxEnabled":true},"in2DMode":false,"pivot":{"x":-0.4179912507534027,"y":1.1151717901229859,"z":-0.791265070438385},"rotation":{"x":-0.029492968693375589,"y":0.9645971059799194,"z":-0.13478147983551026,"w":-0.22743913531303407},"size":1.1947574615478516,"orthographic":false}